22,23,22,23,22,23,22,23,22,23,22,23,22,23,22,23,22,23,22,23,22,23,22,23,22,23,22,23,22,23,22,23,22,23,22,23,22,23,22,23,22,23,22,23,22,23,22,23,22,23,22,23,22,23,22,23,22,23,22,23,22,23,22,23,22,23,22,23,22,23,22,23,22,23,22,23,22,23,22,23,22,23,22,23,22,23,22,23,22,23,22,23,22,23,22,23,22,23,22,23,22,23,22,23,22,23,22,23,22,23,22,23,22,23,22,23,22,23,22,23,22,23,22,23,22,23,22,23,22,23,22,23,22,23,22,23,22,23,22,23,22,23,22,23,22,23,22,23,22,23,22,23,22,23,22,23,22,23,22,23,22,23,22,23,22,23,22,23,22,23,22,23,22,23,22,23,22,23,22,23,22,23,22,23,22,23,22,23,22,23,22,23,22,23,22,23,22,23,22,23,22,23,22,23,22,23,22,23,22,23,22,23,22,23,22,23,22,23,22,23,22,23,22,23,22,23,22,23,22,23,22,23,22,23,22,23,22,23,22,23,22,23,22,23,22,23,22,23,22,23
32,33,32,33,32,33,32,33,32,33,32,33,32,33,32,33,32,33,32,33,32,33,32,33,32,33,32,33,32,33,32,33,32,33,32,33,32,33,32,33,32,33,32,33,32,33,32,33,32,33,32,33,32,33,32,33,32,33,32,33,32,33,32,33,32,33,32,33,32,33,32,33,32,33,32,33,32,33,32,33,32,33,32,33,32,33,32,33,32,33,32,33,32,33,32,33,32,33,32,33,32,33,32,33,32,33,32,33,32,33,32,33,32,33,32,33,32,33,32,33,32,33,32,33,32,33,32,33,32,33,32,33,32,33,32,33,32,33,32,33,32,33,32,33,32,33,32,33,32,33,32,33,32,33,32,33,32,33,32,33,32,33,32,33,32,33,32,33,32,33,32,33,32,33,32,33,32,33,32,33,32,33,32,33,32,33,32,33,32,33,32,33,32,33,32,33,32,33,32,33,32,33,32,33,32,33,32,33,32,33,32,33,32,33,32,33,32,33,32,33,32,33,32,33,32,33,32,33,32,33,32,33,32,33,32,33,32,33,32,33,32,33,32,33,32,33,32,33,32,33
22,23,22,23,22,23,22,23,22,23,22,23,22,23,22,23,22,23,22,23,-1,-1,-1,-1,22,23,22,23,22,23,22,23,22,23,22,23,22,23,22,23,22,23,22,23,22,23,22,23,22,23,22,23,22,23,22,23,22,23,22,23,-1,-1,-1,-1,22,23,22,23,22,23,22,23,22,23,22,23,22,23,22,23,22,23,22,23,22,23,22,23,22,23,22,23,22,23,22,23,22,23,22,23,22,23,-1,-1,-1,-1,22,23,22,23,22,23,22,23,22,23,22,23,22,23,22,23,22,23,22,23,22,23,22,23,22,23,22,23,22,23,22,23,22,23,22,23,22,23,-1,-1,-1,-1,22,23,22,23,22,23,22,23,22,23,22,23,22,23,22,23,22,23,22,23,22,23,22,23,22,23,22,23,22,23,22,23,22,23,22,23,22,23,-1,-1,-1,-1,22,23,22,23,22,23,22,23,22,23,22,23,22,23,22,23,22,23,22,23,22,23,22,23,22,23,22,23,22,23,22,23,22,23,22,23,22,23,-1,-1,-1,-1,22,23,22,23,22,23,22,23,22,23,22,23,22,23,22,23,22,23
32,33,32,33,32,33,32,33,32,33,32,33,32,33,32,33,32,33,32,33,-1,-1,-1,-1,32,33,32,33,32,33,32,33,32,33,32,33,32,33,32,33,32,33,32,33,32,33,32,33,32,33,32,33,32,33,32,33,32,33,32,33,-1,-1,-1,-1,32,33,32,33,32,33,32,33,32,33,32,33,32,33,32,33,32,33,32,33,32,33,32,33,32,33,32,33,32,33,32,33,32,33,32,33,32,33,-1,-1,-1,-1,32,33,32,33,32,33,32,33,32,33,32,33,32,33,32,33,32,33,32,33,32,33,32,33,32,33,32,33,32,33,32,33,32,33,32,33,32,33,-1,-1,-1,-1,32,33,32,33,32,33,32,33,32,33,32,33,32,33,32,33,32,33,32,33,32,33,32,33,32,33,32,33,32,33,32,33,32,33,32,33,32,33,-1,-1,-1,-1,32,33,32,33,32,33,32,33,32,33,32,33,32,33,32,33,32,33,32,33,32,33,32,33,32,33,32,33,32,33,32,33,32,33,32,33,32,33,-1,-1,-1,-1,32,33,32,33,32,33,32,33,32,33,32,33,32,33,32,33,32,33
22,23,22,23,22,23,22,23,22,23,22,23,22,23,22,23,22,23,-1,-1,-1,-1,-1,-1,-1,-1,22,23,22,23,22,23,22,23,22,23,22,23,22,23,22,23,22,23,22,23,22,23,22,23,22,23,22,23,22,23,22,23,-1,-1,-1,-1,-1,-1,-1,-1,22,23,22,23,22,23,22,23,22,23,22,23,22,23,22,23,22,23,22,23,22,23,22,23,22,23,22,23,22,23,22,23,22,23,-1,-1,-1,-1,-1,-1,-1,-1,22,23,22,23,22,23,22,23,22,23,22,23,22,23,22,23,22,23,22,23,22,23,22,23,22,23,22,23,22,23,22,23,22,23,-1,-1,-1,-1,-1,-1,-1,-1,22,23,22,23,22,23,22,23,22,23,22,23,22,23,22,23,22,23,22,23,22,23,22,23,22,23,22,23,22,23,22,23,22,23,-1,-1,-1,-1,-1,-1,-1,-1,22,23,22,23,22,23,22,23,22,23,22,23,22,23,22,23,22,23,22,23,22,23,22,23,22,23,22,23,22,23,22,23,22,23,-1,-1,-1,-1,-1,-1,-1,-1,22,23,22,23,22,23,22,23,22,23,22,23,22,23,22,23
32,33,32,33,32,33,32,33,32,33,32,33,32,33,32,33,32,33,-1,-1,-1,-1,-1,-1,-1,-1,32,33,32,33,32,33,32,33,32,33,32,33,32,33,32,33,32,33,32,33,32,33,32,33,32,33,32,33,32,33,32,33,-1,-1,-1,-1,-1,-1,-1,-1,32,33,32,33,32,33,32,33,32,33,32,33,32,33,32,33,32,33,32,33,32,33,32,33,32,33,32,33,32,33,32,33,32,33,-1,-1,-1,-1,-1,-1,-1,-1,32,33,32,33,32,33,32,33,32,33,32,33,32,33,32,33,32,33,32,33,32,33,32,33,32,33,32,33,32,33,32,33,32,33,-1,-1,-1,-1,-1,-1,-1,-1,32,33,32,33,32,33,32,33,32,33,32,33,32,33,32,33,32,33,32,33,32,33,32,33,32,33,32,33,32,33,32,33,32,33,-1,-1,-1,-1,-1,-1,-1,-1,32,33,32,33,32,33,32,33,32,33,32,33,32,33,32,33,32,33,32,33,32,33,32,33,32,33,32,33,32,33,32,33,32,33,-1,-1,-1,-1,-1,-1,-1,-1,32,33,32,33,32,33,32,33,32,33,32,33,32,33,32,33
22,23,22,23,22,23,22,23,22,23,22,23,22,23,22,23,-1,-1,-1,-1,-1,-1,-1,-1,-1,-1,-1,-1,22,23,22,23,22,23,22,23,22,23,22,23,22,23,22,23,22,23,22,23,22,23,22,23,22,23,22,23,-1,-1,-1,-1,-1,-1,-1,-1,-1,-1,-1,-1,22,23,22,23,22,23,22,23,22,23,22,23,22,23,22,23,22,23,22,23,22,23,22,23,22,23,22,23,22,23,-1,-1,-1,-1,-1,-1,-1,-1,-1,-1,-1,-1,22,23,22,23,22,23,22,23,22,23,22,23,22,23,22,23,22,23,22,23,22,23,22,23,22,23,22,23,22,23,-1,-1,-1,-1,-1,-1,-1,-1,-1,-1,-1,-1,22,23,22,23,22,23,22,23,22,23,22,23,22,23,22,23,22,23,22,23,22,23,22,23,22,23,22,23,22,23,-1,-1,-1,-1,-1,-1,-1,-1,-1,-1,-1,-1,22,23,22,23,22,23,22,23,22,23,22,23,22,23,22,23,22,23,22,23,22,23,22,23,22,23,22,23,22,23,-1,-1,-1,-1,-1,-1,-1,-1,-1,-1,-1,-1,22,23,22,23,22,23,22,23,22,23,22,23,22,23
32,33,32,33,32,33,32,33,32,33,32,33,32,33,32,33,-1,-1,-1,-1,-1,-1,-1,-1,-1,-1,-1,-1,32,33,32,33,32,33,32,33,32,33,32,33,32,33,32,33,32,33,32,33,32,33,32,33,32,33,32,33,-1,-1,-1,-1,-1,-1,-1,-1,-1,-1,-1,-1,32,33,32,33,32,33,32,33,32,33,32,33,32,33,32,33,32,33,32,33,32,33,32,33,32,33,32,33,32,33,-1,-1,-1,-1,-1,-1,-1,-1,-1,-1,-1,-1,32,33,32,33,32,33,32,33,32,33,32,33,32,33,32,33,32,33,32,33,32,33,32,33,32,33,32,33,32,33,-1,-1,-1,-1,-1,-1,-1,-1,-1,-1,-1,-1,32,33,32,33,32,33,32,33,32,33,32,33,32,33,32,33,32,33,32,33,32,33,32,33,32,33,32,33,32,33,-1,-1,-1,-1,-1,-1,-1,-1,-1,-1,-1,-1,32,33,32,33,32,33,32,33,32,33,32,33,32,33,32,33,32,33,32,33,32,33,32,33,32,33,32,33,32,33,-1,-1,-1,-1,-1,-1,-1,-1,-1,-1,-1,-1,32,33,32,33,32,33,32,33,32,33,32,33,32,33
22,23,22,23,22,23,22,23,22,23,22,23,22,23,-1,-1,-1,-1,-1,-1,-1,-1,-1,-1,-1,-1,-1,-1,-1,-1,22,23,22,23,22,23,22,23,22,23,22,23,22,23,22,23,22,23,22,23,22,23,22,23,-1,-1,-1,-1,-1,-1,-1,-1,-1,-1,-1,-1,-1,-1,-1,-1,22,23,22,23,22,23,22,23,22,23,22,23,22,23,22,23,22,23,22,23,22,23,22,23,22,23,-1,-1,-1,-1,-1,-1,-1,-1,-1,-1,-1,-1,-1,-1,-1,-1,22,23,22,23,22,23,22,23,22,23,22,23,22,23,22,23,22,23,22,23,22,23,22,23,22,23,-1,-1,-1,-1,-1,-1,-1,-1,-1,-1,-1,-1,-1,-1,-1,-1,22,23,22,23,22,23,22,23,22,23,22,23,22,23,22,23,22,23,22,23,22,23,22,23,22,23,-1,-1,-1,-1,-1,-1,-1,-1,-1,-1,-1,-1,-1,-1,-1,-1,22,23,22,23,22,23,22,23,22,23,22,23,22,23,22,23,22,23,22,23,22,23,22,23,22,23,-1,-1,-1,-1,-1,-1,-1,-1,-1,-1,-1,-1,-1,-1,-1,-1,22,23,22,23,22,23,22,23,22,23,22,23
32,33,32,33,32,33,32,33,32,33,32,33,32,33,-1,-1,-1,-1,-1,-1,-1,-1,-1,-1,-1,-1,-1,-1,-1,-1,32,33,32,33,32,33,32,33,32,33,32,33,32,33,32,33,32,33,32,33,32,33,32,33,-1,-1,-1,-1,-1,-1,-1,-1,-1,-1,-1,-1,-1,-1,-1,-1,32,33,32,33,32,33,32,33,32,33,32,33,32,33,32,33,32,33,32,33,32,33,32,33,32,33,-1,-1,-1,-1,-1,-1,-1,-1,-1,-1,-1,-1,-1,-1,-1,-1,32,33,32,33,32,33,32,33,32,33,32,33,32,33,32,33,32,33,32,33,32,33,32,33,32,33,-1,-1,-1,-1,-1,-1,-1,-1,-1,-1,-1,-1,-1,-1,-1,-1,32,33,32,33,32,33,32,33,32,33,32,33,32,33,32,33,32,33,32,33,32,33,32,33,32,33,-1,-1,-1,-1,-1,-1,-1,-1,-1,-1,-1,-1,-1,-1,-1,-1,32,33,32,33,32,33,32,33,32,33,32,33,32,33,32,33,32,33,32,33,32,33,32,33,32,33,-1,-1,-1,-1,-1,-1,-1,-1,-1,-1,-1,-1,-1,-1,-1,-1,32,33,32,33,32,33,32,33,32,33,32,33
22,23,22,23,22,23,22,23,22,23,22,23,-1,-1,-1,-1,-1,-1,-1,-1,-1,-1,-1,-1,-1,-1,-1,-1,-1,-1,-1,-1,22,23,22,23,22,23,22,23,22,23,22,23,22,23,22,23,22,23,22,23,-1,-1,-1,-1,-1,-1,-1,-1,-1,-1,-1,-1,-1,-1,-1,-1,-1,-1,-1,-1,22,23,22,23,22,23,22,23,22,23,22,23,22,23,22,23,22,23,22,23,22,23,-1,-1,-1,-1,-1,-1,-1,-1,-1,-1,-1,-1,-1,-1,-1,-1,-1,-1,-1,-1,22,23,22,23,22,23,22,23,22,23,22,23,22,23,22,23,22,23,22,23,22,23,-1,-1,-1,-1,-1,-1,-1,-1,-1,-1,-1,-1,-1,-1,-1,-1,-1,-1,-1,-1,22,23,22,23,22,23,22,23,22,23,22,23,22,23,22,23,22,23,22,23,22,23,-1,-1,-1,-1,-1,-1,-1,-1,-1,-1,-1,-1,-1,-1,-1,-1,-1,-1,-1,-1,22,23,22,23,22,23,22,23,22,23,22,23,22,23,22,23,22,23,22,23,22,23,-1,-1,-1,-1,-1,-1,-1,-1,-1,-1,-1,-1,-1,-1,-1,-1,-1,-1,-1,-1,22,23,22,23,22,23,22,23,22,23
32,33,32,33,32,33,32,33,32,33,32,33,-1,-1,-1,-1,-1,-1,-1,-1,-1,-1,-1,-1,-1,-1,-1,-1,-1,-1,-1,-1,32,33,32,33,32,33,32,33,32,33,32,33,32,33,32,33,32,33,32,33,-1,-1,-1,-1,-1,-1,-1,-1,-1,-1,-1,-1,-1,-1,-1,-1,-1,-1,-1,-1,32,33,32,33,32,33,32,33,32,33,32,33,32,33,32,33,32,33,32,33,32,33,-1,-1,-1,-1,-1,-1,-1,-1,-1,-1,-1,-1,-1,-1,-1,-1,-1,-1,-1,-1,32,33,32,33,32,33,32,33,32,33,32,33,32,33,32,33,32,33,32,33,32,33,-1,-1,-1,-1,-1,-1,-1,-1,-1,-1,-1,-1,-1,-1,-1,-1,-1,-1,-1,-1,32,33,32,33,32,33,32,33,32,33,32,33,32,33,32,33,32,33,32,33,32,33,-1,-1,-1,-1,-1,-1,-1,-1,-1,-1,-1,-1,-1,-1,-1,-1,-1,-1,-1,-1,32,33,32,33,32,33,32,33,32,33,32,33,32,33,32,33,32,33,32,33,32,33,-1,-1,-1,-1,-1,-1,-1,-1,-1,-1,-1,-1,-1,-1,-1,-1,-1,-1,-1,-1,32,33,32,33,32,33,32,33,32,33
-1,-1,22,23,22,23,22,23,22,23,-1,-1,-1,-1,-1,-1,-1,-1,-1,-1,-1,-1,-1,-1,-1,-1,-1,-1,-1,-1,-1,-1,-1,-1,22,23,22,23,22,23,22,23,22,23,22,23,22,23,22,23,-1,-1,-1,-1,-1,-1,-1,-1,-1,-1,-1,-1,-1,-1,-1,-1,-1,-1,-1,-1,-1,-1,-1,-1,22,23,22,23,22,23,22,23,-1,-1,22,23,22,23,22,23,22,23,-1,-1,-1,-1,-1,-1,-1,-1,-1,-1,-1,-1,-1,-1,-1,-1,-1,-1,-1,-1,-1,-1,-1,-1,22,23,22,23,22,23,22,23,-1,-1,22,23,22,23,22,23,22,23,-1,-1,-1,-1,-1,-1,-1,-1,-1,-1,-1,-1,-1,-1,-1,-1,-1,-1,-1,-1,-1,-1,-1,-1,22,23,22,23,22,23,22,23,-1,-1,22,23,22,23,22,23,22,23,-1,-1,-1,-1,-1,-1,-1,-1,-1,-1,-1,-1,-1,-1,-1,-1,-1,-1,-1,-1,-1,-1,-1,-1,22,23,22,23,22,23,22,23,-1,-1,22,23,22,23,22,23,22,23,-1,-1,-1,-1,-1,-1,-1,-1,-1,-1,-1,-1,-1,-1,-1,-1,-1,-1,-1,-1,-1,-1,-1,-1,22,23,22,23,22,23,22,23
-1,-1,-1,-1,-1,-1,-1,-1,-1,-1,-1,-1,-1,-1,-1,-1,-1,-1,-1,-1,-1,-1,-1,-1,-1,-1,-1,-1,-1,-1,-1,-1,-1,-1,-1,-1,-1,-1,-1,33,32,33,32,33,32,33,32,33,32,33,-1,-1,-1,-1,-1,-1,-1,-1,-1,-1,-1,-1,-1,-1,-1,-1,-1,-1,-1,-1,-1,-1,-1,-1,32,33,32,33,32,33,32,33,-1,-1,32,33,32,33,32,33,32,33,-1,-1,-1,-1,-1,-1,-1,-1,-1,-1,-1,-1,-1,-1,-1,-1,-1,-1,-1,-1,-1,-1,-1,-1,32,33,32,33,32,33,32,33,-1,-1,32,33,32,33,32,33,32,33,-1,-1,-1,-1,-1,-1,-1,-1,-1,-1,-1,-1,-1,-1,-1,-1,-1,-1,-1,-1,-1,-1,-1,-1,32,33,32,33,32,33,32,33,-1,-1,32,33,32,33,32,33,32,33,-1,-1,-1,-1,-1,-1,-1,-1,-1,-1,-1,-1,-1,-1,-1,-1,-1,-1,-1,-1,-1,-1,-1,-1,32,33,32,33,32,33,32,33,-1,-1,32,33,32,33,32,33,32,33,-1,-1,-1,-1,-1,-1,-1,-1,-1,-1,-1,-1,-1,-1,-1,-1,-1,-1,-1,-1,-1,-1,-1,-1,32,33,32,33,32,33,32,33
-1,-1,-1,22,23,22,23,22,23,-1,-1,-1,-1,-1,-1,-1,-1,-1,-1,-1,-1,-1,-1,-1,-1,-1,-1,-1,-1,-1,-1,-1,-1,-1,-1,-1,-1,-1,-1,-1,-1,-1,-1,-1,23,22,23,22,23,-1,-1,-1,-1,-1,-1,-1,-1,-1,-1,-1,-1,-1,-1,-1,-1,-1,-1,-1,-1,-1,-1,-1,-1,-1,-1,22,23,22,23,-1610612704,-1610612714,-1,-1,-1,-1,22,23,22,23,22,23,-1,-1,-1,-1,-1,-1,-1,-1,-1,-1,-1,-1,-1,-1,-1,-1,-1,-1,-1,-1,-1,-1,-1,-1,-1,-1,22,23,22,23,-1610612704,-1610612714,-1,-1,-1,-1,22,23,22,23,22,23,-1,-1,-1,-1,-1,-1,-1,-1,-1,-1,-1,-1,-1,-1,-1,-1,-1,-1,-1,-1,-1,-1,-1,-1,-1,-1,22,23,22,23,-1610612704,-1610612714,-1,-1,-1,-1,22,23,22,23,22,23,-1,-1,-1,-1,-1,-1,-1,-1,-1,-1,-1,-1,-1,-1,-1,-1,-1,-1,-1,-1,-1,-1,-1,-1,-1,-1,22,23,22,23,-1610612704,-1610612714,-1,-1,-1,-1,22,23,22,23,22,23,-1,-1,-1,-1,-1,-1,-1,-1,-1,-1,-1,-1,-1,-1,-1,-1,-1,-1,-1,-1,-1,-1,-1,-1,-1,-1,22,23,22,23,-1610612704,-1610612714,-1
-1,-1,-1,32,33,32,33,32,33,-1,-1,-1,-1,-1,-1,-1,-1,-1,-1,-1,-1,-1,-1,-1,-1,-1,-1,-1,-1,-1,-1,-1,-1,-1,-1,32,33,32,33,-1610612703,-1610612713,-1,-1,32,33,32,33,32,33,-1,-1,-1,-1,-1,-1,-1,-1,-1,-1,-1,-1,-1,-1,-1,-1,-1,-1,-1,-1,-1,-1,-1,-1,-1,-1,32,33,32,33,-1610612703,-1610612713,-1,-1,-1,-1,32,33,32,33,32,33,-1,-1,-1,-1,-1,-1,-1,-1,-1,-1,-1,-1,-1,-1,-1,-1,-1,-1,-1,-1,-1,-1,-1,-1,-1,-1,32,33,32,33,-1610612703,-1610612713,-1,-1,-1,-1,32,33,32,33,32,33,-1,-1,-1,-1,-1,-1,-1,-1,-1,-1,-1,-1,-1,-1,-1,-1,-1,-1,-1,-1,-1,-1,-1,-1,-1,-1,32,33,32,33,-1610612703,-1610612713,-1,-1,-1,-1,32,33,32,33,32,33,-1,-1,-1,-1,-1,-1,-1,-1,-1,-1,-1,-1,-1,-1,-1,-1,-1,-1,-1,-1,-1,-1,-1,-1,-1,-1,32,33,32,33,-1610612703,-1610612713,-1,-1,-1,-1,32,33,32,33,32,33,-1,-1,-1,-1,-1,-1,-1,-1,-1,-1,-1,-1,-1,-1,-1,-1,-1,-1,-1,-1,-1,-1,-1,-1,-1,-1,32,33,32,33,-1610612703,-1610612713,-1
-1,-1,-1,-1,22,23,22,23,-1,-1,-1,-1,-1,-1,-1,-1,-1,-1,-1,-1,-1,-1,-1,-1,-1,-1,-1,-1,-1,-1,-1,-1,-1,-1,-1,-1,-1610612704,-1610612714,-1610612704,-1610612714,-1,-1,-1,-1,22,23,22,23,-1,-1,-1,-1,-1,-1,-1,-1,-1,-1,-1,-1,-1,-1,-1,-1,-1,-1,-1,-1,-1,-1,-1,-1,-1,-1,-1,-1,-1610612704,-1610612714,-1610612704,-1610612714,-1,-1,-1,-1,-1,-1,22,23,22,23,-1,-1,-1,-1,-1,-1,-1,-1,-1,-1,-1,-1,-1,-1,-1,-1,-1,-1,-1,-1,-1,-1,-1,-1,-1,-1,-1,-1,-1610612704,-1610612714,-1610612704,-1610612714,-1,-1,-1,-1,-1,-1,22,23,22,23,-1,-1,-1,-1,-1,-1,-1,-1,-1,-1,-1,-1,-1,-1,-1,-1,-1,-1,-1,-1,-1,-1,-1,-1,-1,-1,-1,-1,-1610612704,-1610612714,-1610612704,-1610612714,-1,-1,-1,-1,-1,-1,22,23,22,23,-1,-1,-1,-1,-1,-1,-1,-1,-1,-1,-1,-1,-1,-1,-1,-1,-1,-1,-1,-1,-1,-1,-1,-1,-1,-1,-1,-1,-1610612704,-1610612714,-1610612704,-1610612714,-1,-1,-1,-1,-1,-1,22,23,22,23,-1,-1,-1,-1,-1,-1,-1,-1,-1,-1,-1,-1,-1,-1,-1,-1,-1,-1,-1,-1,-1,-1,-1,-1,-1,-1,-1,-1,-1610612704,-1610612714,-1610612704,-1610612714,-1,-1
-1,-1,-1,-1,32,33,32,33,-1,-1,-1,-1,-1,-1,-1,-1,-1,-1,-1,-1,-1,-1,-1,-1,-1,-1,-1,-1,-1,-1,-1,-1,-1,-1,-1,-1,-1610612703,-1610612713,-1610612703,-1610612713,-1,-1,-1,-1,32,33,32,33,-1,-1,-1,-1,-1,-1,-1,-1,-1,-1,-1,-1,-1,-1,-1,-1,-1,-1,-1,-1,-1,-1,-1,-1,-1,-1,-1,-1,-1610612703,-1610612713,-1610612703,-1610612713,-1,-1,-1,-1,-1,-1,32,33,32,33,-1,-1,-1,-1,-1,-1,-1,-1,-1,-1,-1,-1,-1,-1,-1,-1,-1,-1,-1,-1,-1,-1,-1,-1,-1,-1,-1,-1,-1610612703,-1610612713,-1610612703,-1610612713,-1,-1,-1,-1,-1,-1,32,33,32,33,-1,-1,-1,-1,-1,-1,-1,-1,-1,-1,-1,-1,-1,-1,-1,-1,-1,-1,-1,-1,-1,-1,-1,-1,-1,-1,-1,-1,-1610612703,-1610612713,-1610612703,-1610612713,-1,-1,-1,-1,-1,-1,32,33,32,33,-1,-1,-1,-1,-1,-1,-1,-1,-1,-1,-1,-1,-1,-1,-1,-1,-1,-1,-1,-1,-1,-1,-1,-1,-1,-1,-1,-1,-1610612703,-1610612713,-1610612703,-1610612713,-1,-1,-1,-1,-1,-1,32,33,32,33,-1,-1,-1,-1,-1,-1,-1,-1,-1,-1,-1,-1,-1,-1,-1,-1,-1,-1,-1,-1,-1,-1,-1,-1,-1,-1,-1,-1,-1610612703,-1610612713,-1610612703,-1610612713,-1,-1
-1,-1,-1,-1,100,100,100,100,-1,-1,-1,-1,-1,-1,-1,-1,-1,-1,-1,-1,-1,-1,-1,-1,-1,-1,-1,-1,-1,-1,-1,-1,-1,-1,-1,-1,100,100,100,100,-1,-1,-1,-1,100,100,100,100,-1,-1,-1,-1,-1,-1,-1,-1,-1,-1,-1,-1,-1,-1,-1,-1,-1,-1,-1,-1,-1,-1,-1,-1,-1,-1,-1,-1,100,100,100,100,-1,-1,-1,-1,-1,-1,100,100,100,100,-1,-1,-1,-1,-1,-1,-1,-1,-1,-1,-1,-1,-1,-1,-1,-1,-1,-1,-1,-1,-1,-1,-1,-1,-1,-1,-1,-1,100,100,100,100,-1,-1,-1,-1,-1,-1,100,100,100,100,-1,-1,-1,-1,-1,-1,-1,-1,-1,-1,-1,-1,-1,-1,-1,-1,-1,-1,-1,-1,-1,-1,-1,-1,-1,-1,-1,-1,100,100,100,100,-1,-1,-1,-1,-1,-1,100,100,100,100,-1,-1,-1,-1,-1,-1,-1,-1,-1,-1,-1,-1,-1,-1,-1,-1,-1,-1,-1,-1,-1,-1,-1,-1,-1,-1,-1,-1,100,100,100,100,-1,-1,-1,-1,-1,-1,100,100,100,100,-1,-1,-1,-1,-1,-1,-1,-1,-1,-1,-1,-1,-1,-1,-1,-1,-1,-1,-1,-1,-1,-1,-1,-1,-1,-1,-1,-1,100,100,100,100,-1,-1
-1,-1,-1,-1,110,110,110,110,-1,-1,-1,-1,-1,-1,-1,-1,-1,-1,-1,-1,-1,-1,-1,-1,-1,-1,-1,-1,-1,-1,-1,-1,-1,-1,-1,-1,110,110,110,110,-1,-1,-1,-1,110,110,110,110,-1,-1,-1,-1,-1,-1,-1,-1,-1,-1,-1,-1,-1,-1,-1,-1,-1,-1,-1,-1,-1,-1,-1,-1,-1,-1,-1,-1,110,110,110,110,-1,-1,-1,-1,-1,-1,110,110,110,110,-1,-1,-1,-1,-1,-1,-1,-1,-1,-1,-1,-1,-1,-1,-1,-1,-1,-1,-1,-1,-1,-1,-1,-1,-1,-1,-1,-1,110,110,110,110,-1,-1,-1,-1,-1,-1,110,110,110,110,-1,-1,-1,-1,-1,-1,-1,-1,-1,-1,-1,-1,-1,-1,-1,-1,-1,-1,-1,-1,-1,-1,-1,-1,-1,-1,-1,-1,110,110,110,110,-1,-1,-1,-1,-1,-1,110,110,110,110,-1,-1,-1,-1,-1,-1,-1,-1,-1,-1,-1,-1,-1,-1,-1,-1,-1,-1,-1,-1,-1,-1,-1,-1,-1,-1,-1,-1,110,110,110,110,-1,-1,-1,-1,-1,-1,110,110,110,110,-1,-1,-1,-1,-1,-1,-1,-1,-1,-1,-1,-1,-1,-1,-1,-1,-1,-1,-1,-1,-1,-1,-1,-1,-1,-1,-1,-1,110,110,110,110,-1,-1
-1,-1,-1,-1,120,120,120,120,-1,-1,-1,-1,-1,-1,-1,-1,-1,-1,-1,-1,-1,-1,-1,-1,-1,-1,-1,-1,-1,-1,-1,-1,-1,-1,-1,-1,120,120,120,120,-1,-1,-1,-1,120,120,120,120,-1,-1,-1,-1,-1,-1,-1,-1,-1,-1,-1,-1,-1,-1,-1,-1,-1,-1,-1,-1,-1,-1,-1,-1,-1,-1,-1,-1,120,120,120,120,-1,-1,-1,-1,-1,-1,120,120,120,120,-1,-1,-1,-1,-1,-1,-1,-1,-1,-1,-1,-1,-1,-1,-1,-1,-1,-1,-1,-1,-1,-1,-1,-1,-1,-1,-1,-1,120,120,120,120,-1,-1,-1,-1,-1,-1,120,120,120,120,-1,-1,-1,-1,-1,-1,-1,-1,-1,-1,-1,-1,-1,-1,-1,-1,-1,-1,-1,-1,-1,-1,-1,-1,-1,-1,-1,-1,120,120,120,120,-1,-1,-1,-1,-1,-1,120,120,120,120,-1,-1,-1,-1,-1,-1,-1,-1,-1,-1,-1,-1,-1,-1,-1,-1,-1,-1,-1,-1,-1,-1,-1,-1,-1,-1,-1,-1,120,120,120,120,-1,-1,-1,-1,-1,-1,120,120,120,120,-1,-1,-1,-1,-1,-1,-1,-1,-1,-1,-1,-1,-1,-1,-1,-1,-1,-1,-1,-1,-1,-1,-1,-1,-1,-1,-1,-1,120,120,120,120,-1,-1
-1,-1,-1,-1,130,130,130,130,-1,-1,-1,-1,-1,-1,-1,-1,-1,-1,-1,-1,-1,-1,-1,-1,-1,-1,-1,-1,-1,-1,-1,-1,-1,-1,-1,-1,130,130,130,130,-1,-1,-1,-1,130,130,130,130,-1,-1,-1,-1,-1,-1,-1,-1,-1,-1,-1,-1,-1,-1,-1,-1,-1,-1,-1,-1,-1,-1,-1,-1,-1,-1,-1,-1,130,130,130,130,-1,-1,-1,-1,-1,-1,130,130,130,130,-1,-1,-1,-1,-1,-1,-1,-1,-1,-1,-1,-1,-1,-1,-1,-1,-1,-1,-1,-1,-1,-1,-1,-1,-1,-1,-1,-1,130,130,130,130,-1,-1,-1,-1,-1,-1,130,130,130,130,-1,-1,-1,-1,-1,-1,-1,-1,-1,-1,-1,-1,-1,-1,-1,-1,-1,-1,-1,-1,-1,-1,-1,-1,-1,-1,-1,-1,130,130,130,130,-1,-1,-1,-1,-1,-1,130,130,130,130,-1,-1,-1,-1,-1,-1,-1,-1,-1,-1,-1,-1,-1,-1,-1,-1,-1,-1,-1,-1,-1,-1,-1,-1,-1,-1,-1,-1,130,130,130,130,-1,-1,-1,-1,-1,-1,130,130,130,130,-1,-1,-1,-1,-1,-1,-1,-1,-1,-1,-1,-1,-1,-1,-1,-1,-1,-1,-1,-1,-1,-1,-1,-1,-1,-1,-1,-1,130,130,130,130,-1,-1
-1,-1,-1,-1,100,100,100,100,-1,-1,-1,-1,-1,-1,-1,-1,-1,-1,-1,-1,-1,-1,-1,-1,-1,-1,-1,-1,-1,-1,-1,-1,-1,-1,-1,-1,100,100,100,100,-1,-1,-1,-1,100,100,100,100,-1,-1,-1,-1,-1,-1,-1,-1,-1,-1,-1,-1,-1,-1,-1,-1,-1,-1,-1,-1,-1,-1,-1,-1,-1,-1,-1,-1,100,100,100,100,-1,-1,-1,-1,-1,-1,100,100,100,100,-1,-1,-1,-1,-1,-1,-1,-1,-1,-1,-1,-1,-1,-1,-1,-1,-1,-1,-1,-1,-1,-1,-1,-1,-1,-1,-1,-1,100,100,100,100,-1,-1,-1,-1,-1,-1,100,100,100,100,-1,-1,-1,-1,-1,-1,-1,-1,-1,-1,-1,-1,-1,-1,-1,-1,-1,-1,-1,-1,-1,-1,-1,-1,-1,-1,-1,-1,100,100,100,100,-1,-1,-1,-1,-1,-1,100,100,100,100,-1,-1,-1,-1,-1,-1,-1,-1,-1,-1,-1,-1,-1,-1,-1,-1,-1,-1,-1,-1,-1,-1,-1,-1,-1,-1,-1,-1,100,100,100,100,-1,-1,-1,-1,-1,-1,100,100,100,100,-1,-1,-1,-1,-1,-1,-1,-1,-1,-1,-1,-1,-1,-1,-1,-1,-1,-1,-1,-1,-1,-1,-1,-1,-1,-1,-1,-1,100,100,100,100,-1,-1
-1,-1,-1,-1,110,110,110,110,-1,-1,-1,-1,-1,-1,-1,-1,-1,-1,-1,-1,-1,-1,-1,-1,-1,-1,-1,-1,-1,-1,-1,-1,-1,-1,-1,-1,110,110,110,110,-1,-1,-1,-1,110,110,110,110,-1,-1,-1,-1,-1,-1,-1,-1,-1,-1,-1,-1,-1,-1,-1,-1,-1,-1,-1,-1,-1,-1,-1,-1,-1,-1,-1,-1,110,110,110,110,-1,-1,-1,-1,-1,-1,110,110,110,110,-1,-1,-1,-1,-1,-1,-1,-1,-1,-1,-1,-1,-1,-1,-1,-1,-1,-1,-1,-1,-1,-1,-1,-1,-1,-1,-1,-1,110,110,110,110,-1,-1,-1,-1,-1,-1,110,110,110,110,-1,-1,-1,-1,-1,-1,-1,-1,-1,-1,-1,-1,-1,-1,-1,-1,-1,-1,-1,-1,-1,-1,-1,-1,-1,-1,-1,-1,110,110,110,110,-1,-1,-1,-1,-1,-1,110,110,110,110,-1,-1,-1,-1,-1,-1,-1,-1,-1,-1,-1,-1,-1,-1,-1,-1,-1,-1,-1,-1,-1,-1,-1,-1,-1,-1,-1,-1,110,110,110,110,-1,-1,-1,-1,-1,-1,110,110,110,110,-1,-1,-1,-1,-1,-1,-1,-1,-1,-1,-1,-1,-1,-1,-1,-1,-1,-1,-1,-1,-1,-1,-1,-1,-1,-1,-1,-1,110,110,110,110,-1,-1
-1,-1,-1,-1,120,120,120,120,-1,-1,-1,-1,-1,-1,-1,-1,-1,-1,-1,-1,-1,-1,-1,-1,-1,-1,-1,-1,-1,-1,-1,-1,-1,-1,-1,-1,120,120,120,120,-1,-1,-1,-1,120,120,120,120,-1,-1,-1,-1,-1,-1,-1,-1,-1,-1,-1,-1,-1,-1,-1,-1,-1,-1,-1,-1,-1,-1,-1,-1,-1,-1,-1,-1,120,120,120,120,-1,-1,-1,-1,-1,-1,120,120,120,120,-1,-1,-1,-1,-1,-1,-1,-1,-1,-1,-1,-1,-1,-1,-1,-1,-1,-1,-1,-1,-1,-1,-1,-1,-1,-1,-1,-1,120,120,120,120,-1,-1,-1,-1,-1,-1,120,120,120,120,-1,-1,-1,-1,-1,-1,-1,-1,-1,-1,-1,-1,-1,-1,-1,-1,-1,-1,-1,-1,-1,-1,-1,-1,-1,-1,-1,-1,120,120,120,120,-1,-1,-1,-1,-1,-1,120,120,120,120,-1,-1,-1,-1,-1,-1,-1,-1,-1,-1,-1,-1,-1,-1,-1,-1,-1,-1,-1,-1,-1,-1,-1,-1,-1,-1,-1,-1,120,120,120,120,-1,-1,-1,-1,-1,-1,120,120,120,120,-1,-1,-1,-1,-1,-1,-1,-1,-1,-1,-1,-1,-1,-1,-1,-1,-1,-1,-1,-1,-1,-1,-1,-1,-1,-1,-1,-1,120,120,120,120,-1,-1
-1,-1,-1,-1,130,130,130,130,-1,-1,-1,-1,-1,-1,-1,-1,-1,-1,-1,-1,-1,-1,-1,-1,-1,-1,-1,-1,-1,-1,-1,-1,-1,-1,-1,-1,130,130,130,130,-1,-1,-1,-1,130,130,130,130,-1,-1,-1,-1,-1,-1,-1,-1,-1,-1,-1,-1,-1,-1,-1,-1,-1,-1,-1,-1,-1,-1,-1,-1,-1,-1,-1,-1,130,130,130,130,-1,-1,-1,-1,-1,-1,130,130,130,130,-1,-1,-1,-1,-1,-1,-1,-1,-1,-1,-1,-1,-1,-1,-1,-1,-1,-1,-1,-1,-1,-1,-1,-1,-1,-1,-1,-1,130,130,130,130,-1,-1,-1,-1,-1,-1,130,130,130,130,-1,-1,-1,-1,-1,-1,-1,-1,-1,-1,-1,-1,-1,-1,-1,-1,-1,-1,-1,-1,-1,-1,-1,-1,-1,-1,-1,-1,130,130,130,130,-1,-1,-1,-1,-1,-1,130,130,130,130,-1,-1,-1,-1,-1,-1,-1,-1,-1,-1,-1,-1,-1,-1,-1,-1,-1,-1,-1,-1,-1,-1,-1,-1,-1,-1,-1,-1,130,130,130,130,-1,-1,-1,-1,-1,-1,130,130,130,130,-1,-1,-1,-1,-1,-1,-1,-1,-1,-1,-1,-1,-1,-1,-1,-1,-1,-1,-1,-1,-1,-1,-1,-1,-1,-1,-1,-1,130,130,130,130,-1,-1
-1,-1,-1,-1,100,100,100,100,-1,-1,-1,-1,-1,-1,-1,-1,-1,-1,-1,-1,-1,-1,-1,-1,-1,-1,-1,-1,-1,-1,-1,-1,-1,-1,-1,-1,100,100,100,100,-1,-1,-1,-1,100,100,100,100,-1,-1,-1,-1,-1,-1,-1,-1,-1,-1,-1,-1,-1,-1,-1,-1,-1,-1,-1,-1,-1,-1,-1,-1,-1,-1,-1,-1,100,100,100,100,-1,-1,-1,-1,-1,-1,100,100,100,100,-1,-1,-1,-1,-1,-1,-1,-1,-1,-1,-1,-1,-1,-1,-1,-1,-1,-1,-1,-1,-1,-1,-1,-1,-1,-1,-1,-1,100,100,100,100,-1,-1,-1,-1,-1,-1,100,100,100,100,-1,-1,-1,-1,-1,-1,-1,-1,-1,-1,-1,-1,-1,-1,-1,-1,-1,-1,-1,-1,-1,-1,-1,-1,-1,-1,-1,-1,100,100,100,100,-1,-1,-1,-1,-1,-1,100,100,100,100,-1,-1,-1,-1,-1,-1,-1,-1,-1,-1,-1,-1,-1,-1,-1,-1,-1,-1,-1,-1,-1,-1,-1,-1,-1,-1,-1,-1,100,100,100,100,-1,-1,-1,-1,-1,-1,100,100,100,100,-1,-1,-1,-1,-1,-1,-1,-1,-1,-1,-1,-1,-1,-1,-1,-1,-1,-1,-1,-1,-1,-1,-1,-1,-1,-1,-1,-1,100,100,100,100,-1,-1
-1,-1,-1,-1,110,110,110,110,-1,-1,-1,-1,-1,-1,-1,-1,-1,-1,-1,-1,-1,-1,-1,-1,-1,-1,-1,-1,-1,-1,-1,-1,-1,-1,-1,-1,110,110,110,110,-1,-1,-1,-1,110,110,110,110,-1,-1,-1,-1,-1,-1,-1,-1,-1,-1,-1,-1,-1,-1,-1,-1,-1,-1,-1,-1,-1,-1,-1,-1,-1,-1,-1,-1,110,110,110,110,-1,-1,-1,-1,-1,-1,110,110,110,110,-1,-1,-1,-1,-1,-1,-1,-1,-1,-1,-1,-1,-1,-1,-1,-1,-1,-1,-1,-1,-1,-1,-1,-1,-1,-1,-1,-1,110,110,110,110,-1,-1,-1,-1,-1,-1,110,110,110,110,-1,-1,-1,-1,-1,-1,-1,-1,-1,-1,-1,-1,-1,-1,-1,-1,-1,-1,-1,-1,-1,-1,-1,-1,-1,-1,-1,-1,110,110,110,110,-1,-1,-1,-1,-1,-1,110,110,110,110,-1,-1,-1,-1,-1,-1,-1,-1,-1,-1,-1,-1,-1,-1,-1,-1,-1,-1,-1,-1,-1,-1,-1,-1,-1,-1,-1,-1,110,110,110,110,-1,-1,-1,-1,-1,-1,110,110,110,110,-1,-1,-1,-1,-1,-1,-1,-1,-1,-1,-1,-1,-1,-1,-1,-1,-1,-1,-1,-1,-1,-1,-1,-1,-1,-1,-1,-1,110,110,110,110,-1,-1
-1,-1,-1,-1,120,120,120,120,-1,-1,-1,-1,-1,-1,-1,-1,-1,-1,-1,-1,-1,-1,-1,-1,-1,-1,-1,-1,-1,-1,-1,-1,-1,-1,-1,-1,120,120,120,120,-1,-1,-1,-1,120,120,120,120,-1,-1,-1,-1,-1,-1,-1,-1,-1,-1,-1,-1,-1,-1,-1,-1,-1,-1,-1,-1,-1,-1,-1,-1,-1,-1,-1,-1,120,120,120,120,-1,-1,-1,-1,-1,-1,120,120,120,120,-1,-1,-1,-1,-1,-1,-1,-1,-1,-1,-1,-1,-1,-1,-1,-1,-1,-1,-1,-1,-1,-1,-1,-1,-1,-1,-1,-1,120,120,120,120,-1,-1,-1,-1,-1,-1,120,120,120,120,-1,-1,-1,-1,-1,-1,-1,-1,-1,-1,-1,-1,-1,-1,-1,-1,-1,-1,-1,-1,-1,-1,-1,-1,-1,-1,-1,-1,120,120,120,120,-1,-1,-1,-1,-1,-1,120,120,120,120,-1,-1,-1,-1,-1,-1,-1,-1,-1,-1,-1,-1,-1,-1,-1,-1,-1,-1,-1,-1,-1,-1,-1,-1,-1,-1,-1,-1,120,120,120,120,-1,-1,-1,-1,-1,-1,120,120,120,120,-1,-1,-1,-1,-1,-1,-1,-1,-1,-1,-1,-1,-1,-1,-1,-1,-1,-1,-1,-1,-1,-1,-1,-1,-1,-1,-1,-1,120,120,120,120,-1,-1
-1,-1,-1,-1,130,130,130,130,-1,-1,-1,-1,-1,-1,-1,-1,-1,-1,-1,-1,-1,-1,-1,-1,-1,-1,-1,-1,-1,-1,-1,-1,-1,-1,-1,-1,130,130,130,130,-1,-1,-1,-1,130,130,130,130,-1,-1,-1,-1,-1,-1,-1,-1,-1,-1,-1,-1,-1,-1,-1,-1,-1,-1,-1,-1,-1,-1,-1,-1,-1,-1,-1,-1,130,130,130,130,-1,-1,-1,-1,-1,-1,130,130,130,130,-1,-1,-1,-1,-1,-1,-1,-1,-1,-1,-1,-1,-1,-1,-1,-1,-1,-1,-1,-1,-1,-1,-1,-1,-1,-1,-1,-1,130,130,130,130,-1,-1,-1,-1,-1,-1,130,130,130,130,-1,-1,-1,-1,-1,-1,-1,-1,-1,-1,-1,-1,-1,-1,-1,-1,-1,-1,-1,-1,-1,-1,-1,-1,-1,-1,-1,-1,130,130,130,130,-1,-1,-1,-1,-1,-1,130,130,130,130,-1,-1,-1,-1,-1,-1,-1,-1,-1,-1,-1,-1,-1,-1,-1,-1,-1,-1,-1,-1,-1,-1,-1,-1,-1,-1,-1,-1,130,130,130,130,-1,-1,-1,-1,-1,-1,130,130,130,130,-1,-1,-1,-1,-1,-1,-1,-1,-1,-1,-1,-1,-1,-1,-1,-1,-1,-1,-1,-1,-1,-1,-1,-1,-1,-1,-1,-1,130,130,130,130,-1,-1
-1,-1,-1,-1,100,100,100,100,-1,-1,-1,-1,-1,-1,-1,-1,-1,-1,-1,-1,-1,-1,-1,-1,-1,-1,-1,-1,-1,-1,-1,-1,-1,-1,-1,-1,100,100,100,100,-1,-1,-1,-1,100,100,100,100,-1,-1,-1,-1,-1,-1,-1,-1,-1,-1,-1,-1,-1,-1,-1,-1,-1,-1,-1,-1,-1,-1,-1,-1,-1,-1,-1,-1,100,100,100,100,-1,-1,-1,-1,-1,-1,100,100,100,100,-1,-1,-1,-1,-1,-1,-1,-1,-1,-1,-1,-1,-1,-1,-1,-1,-1,-1,-1,-1,-1,-1,-1,-1,-1,-1,-1,-1,100,100,100,100,-1,-1,-1,-1,-1,-1,100,100,100,100,-1,-1,-1,-1,-1,-1,-1,-1,-1,-1,-1,-1,-1,-1,-1,-1,-1,-1,-1,-1,-1,-1,-1,-1,-1,-1,-1,-1,100,100,100,100,-1,-1,-1,-1,-1,-1,100,100,100,100,-1,-1,-1,-1,-1,-1,-1,-1,-1,-1,-1,-1,-1,-1,-1,-1,-1,-1,-1,-1,-1,-1,-1,-1,-1,-1,-1,-1,100,100,100,100,-1,-1,-1,-1,-1,-1,100,100,100,100,-1,-1,-1,-1,-1,-1,-1,-1,-1,-1,-1,-1,-1,-1,-1,-1,-1,-1,-1,-1,-1,-1,-1,-1,-1,-1,-1,-1,100,100,100,100,-1,-1
-1,-1,-1,-1,110,110,110,110,-1,-1,-1,-1,-1,-1,-1,-1,-1,-1,-1,-1,-1,-1,-1,-1,-1,-1,-1,-1,-1,-1,-1,-1,-1,-1,-1,-1,110,110,110,110,-1,-1,-1,-1,110,110,110,110,-1,-1,-1,-1,-1,-1,-1,-1,-1,-1,-1,-1,-1,-1,-1,-1,-1,-1,-1,-1,-1,-1,-1,-1,-1,-1,-1,-1,110,110,110,110,-1,-1,-1,-1,-1,-1,110,110,110,110,-1,-1,-1,-1,-1,-1,-1,-1,-1,-1,-1,-1,-1,-1,-1,-1,-1,-1,-1,-1,-1,-1,-1,-1,-1,-1,-1,-1,110,110,110,110,-1,-1,-1,-1,-1,-1,110,110,110,110,-1,-1,-1,-1,-1,-1,-1,-1,-1,-1,-1,-1,-1,-1,-1,-1,-1,-1,-1,-1,-1,-1,-1,-1,-1,-1,-1,-1,110,110,110,110,-1,-1,-1,-1,-1,-1,110,110,110,110,-1,-1,-1,-1,-1,-1,-1,-1,-1,-1,-1,-1,-1,-1,-1,-1,-1,-1,-1,-1,-1,-1,-1,-1,-1,-1,-1,-1,110,110,110,110,-1,-1,-1,-1,-1,-1,110,110,110,110,-1,-1,-1,-1,-1,-1,-1,-1,-1,-1,-1,-1,-1,-1,-1,-1,-1,-1,-1,-1,-1,-1,-1,-1,-1,-1,-1,-1,110,110,110,110,-1,-1
-1,-1,-1,-1,120,120,120,120,-1,-1,-1,-1,-1,-1,-1,-1,-1,-1,-1,-1,-1,-1,-1,-1,-1,-1,-1,-1,-1,-1,-1,-1,-1,-1,-1,-1,120,120,120,120,-1,-1,-1,-1,120,120,120,120,-1,-1,-1,-1,-1,-1,-1,-1,-1,-1,-1,-1,-1,-1,-1,-1,-1,-1,-1,-1,-1,-1,-1,-1,-1,-1,-1,-1,120,120,120,120,-1,-1,-1,-1,-1,-1,120,120,120,120,-1,-1,-1,-1,-1,-1,-1,-1,-1,-1,-1,-1,-1,-1,-1,-1,-1,-1,-1,-1,-1,-1,-1,-1,-1,-1,-1,-1,120,120,120,120,-1,-1,-1,-1,-1,-1,120,120,120,120,-1,-1,-1,-1,-1,-1,-1,-1,-1,-1,-1,-1,-1,-1,-1,-1,-1,-1,-1,-1,-1,-1,-1,-1,-1,-1,-1,-1,120,120,120,120,-1,-1,-1,-1,-1,-1,120,120,120,120,-1,-1,-1,-1,-1,-1,-1,-1,-1,-1,-1,-1,-1,-1,-1,-1,-1,-1,-1,-1,-1,-1,-1,-1,-1,-1,-1,-1,120,120,120,120,-1,-1,-1,-1,-1,-1,120,120,120,120,-1,-1,-1,-1,-1,-1,-1,-1,-1,-1,-1,-1,-1,-1,-1,-1,-1,-1,-1,-1,-1,-1,-1,-1,-1,-1,-1,-1,120,120,120,120,-1,-1
-1,-1,-1,-1,130,130,130,130,-1,-1,-1,-1,-1,-1,-1,-1,-1,-1,-1,-1,-1,-1,-1,-1,-1,-1,-1,-1,-1,-1,-1,-1,-1,-1,-1,-1,130,130,130,130,-1,-1,-1,-1,130,130,130,130,-1,-1,-1,-1,-1,-1,-1,-1,-1,-1,-1,-1,-1,-1,-1,-1,-1,-1,-1,-1,-1,-1,-1,-1,-1,-1,-1,-1,130,130,130,130,-1,-1,-1,-1,-1,-1,130,130,130,130,-1,-1,-1,-1,-1,-1,-1,-1,-1,-1,-1,-1,-1,-1,-1,-1,-1,-1,-1,-1,-1,-1,-1,-1,-1,-1,-1,-1,130,130,130,130,-1,-1,-1,-1,-1,-1,130,130,130,130,-1,-1,-1,-1,-1,-1,-1,-1,-1,-1,-1,-1,-1,-1,-1,-1,-1,-1,-1,-1,-1,-1,-1,-1,-1,-1,-1,-1,130,130,130,130,-1,-1,-1,-1,-1,-1,130,130,130,130,-1,-1,-1,-1,-1,-1,-1,-1,-1,-1,-1,-1,-1,-1,-1,-1,-1,-1,-1,-1,-1,-1,-1,-1,-1,-1,-1,-1,130,130,130,130,-1,-1,-1,-1,-1,-1,130,130,130,130,-1,-1,-1,-1,-1,-1,-1,-1,-1,-1,-1,-1,-1,-1,-1,-1,-1,-1,-1,-1,-1,-1,-1,-1,-1,-1,-1,-1,130,130,130,130,-1,-1
-1,-1,-1,-1,100,100,100,100,-1,-1,-1,-1,-1,-1,-1,-1,-1,-1,-1,-1,-1,-1,-1,-1,-1,-1,-1,-1,-1,-1,-1,-1,-1,-1,-1,-1,100,100,100,100,-1,-1,-1,-1,100,100,100,100,-1,-1,-1,-1,-1,-1,-1,-1,-1,-1,-1,-1,-1,-1,-1,-1,-1,-1,-1,-1,-1,-1,-1,-1,-1,-1,-1,-1,100,100,100,100,-1,-1,-1,-1,-1,-1,100,100,100,100,-1,-1,-1,-1,-1,-1,-1,-1,-1,-1,-1,-1,-1,-1,-1,-1,-1,-1,-1,-1,-1,-1,-1,-1,-1,-1,-1,-1,100,100,100,100,-1,-1,-1,-1,-1,-1,100,100,100,100,-1,-1,-1,-1,-1,-1,-1,-1,-1,-1,-1,-1,-1,-1,-1,-1,-1,-1,-1,-1,-1,-1,-1,-1,-1,-1,-1,-1,100,100,100,100,-1,-1,-1,-1,-1,-1,100,100,100,100,-1,-1,-1,-1,-1,-1,-1,-1,-1,-1,-1,-1,-1,-1,-1,-1,-1,-1,-1,-1,-1,-1,-1,-1,-1,-1,-1,-1,100,100,100,100,-1,-1,-1,-1,-1,-1,100,100,100,100,-1,-1,-1,-1,-1,-1,-1,-1,-1,-1,-1,-1,-1,-1,-1,-1,-1,-1,-1,-1,-1,-1,-1,-1,-1,-1,-1,-1,100,100,100,100,-1,-1
-1,-1,-1,-1,110,110,110,110,-1,-1,-1,-1,-1,-1,-1,-1,-1,-1,-1,-1,-1,-1,-1,-1,-1,-1,-1,-1,-1,-1,-1,-1,-1,-1,-1,-1,110,110,110,110,-1,-1,-1,-1,110,110,110,110,-1,-1,-1,-1,-1,-1,-1,-1,-1,-1,-1,-1,-1,-1,-1,-1,-1,-1,-1,-1,-1,-1,-1,-1,-1,-1,-1,-1,110,110,110,110,-1,-1,-1,-1,-1,-1,110,110,110,110,-1,-1,-1,-1,-1,-1,-1,-1,-1,-1,-1,-1,-1,-1,-1,-1,-1,-1,-1,-1,-1,-1,-1,-1,-1,-1,-1,-1,110,110,110,110,-1,-1,-1,-1,-1,-1,110,110,110,110,-1,-1,-1,-1,-1,-1,-1,-1,-1,-1,-1,-1,-1,-1,-1,-1,-1,-1,-1,-1,-1,-1,-1,-1,-1,-1,-1,-1,110,110,110,110,-1,-1,-1,-1,-1,-1,110,110,110,110,-1,-1,-1,-1,-1,-1,-1,-1,-1,-1,-1,-1,-1,-1,-1,-1,-1,-1,-1,-1,-1,-1,-1,-1,-1,-1,-1,-1,110,110,110,110,-1,-1,-1,-1,-1,-1,110,110,110,110,-1,-1,-1,-1,-1,-1,-1,-1,-1,-1,-1,-1,-1,-1,-1,-1,-1,-1,-1,-1,-1,-1,-1,-1,-1,-1,-1,-1,110,110,110,110,-1,-1
-1,-1,-1,-1,120,120,120,120,-1,-1,-1,-1,-1,-1,-1,-1,-1,-1,-1,-1,-1,-1,-1,-1,-1,-1,-1,-1,-1,-1,-1,-1,-1,-1,-1,-1,120,120,120,120,-1,-1,-1,-1,120,120,120,120,-1,-1,-1,-1,-1,-1,-1,-1,-1,-1,-1,-1,-1,-1,-1,-1,-1,-1,-1,-1,-1,-1,-1,-1,-1,-1,-1,-1,120,120,120,120,-1,-1,-1,-1,-1,-1,120,120,120,120,-1,-1,-1,-1,-1,-1,-1,-1,-1,-1,-1,-1,-1,-1,-1,-1,-1,-1,-1,-1,-1,-1,-1,-1,-1,-1,-1,-1,120,120,120,120,-1,-1,-1,-1,-1,-1,120,120,120,120,-1,-1,-1,-1,-1,-1,-1,-1,-1,-1,-1,-1,-1,-1,-1,-1,-1,-1,-1,-1,-1,-1,-1,-1,-1,-1,-1,-1,120,120,120,120,-1,-1,-1,-1,-1,-1,120,120,120,120,-1,-1,-1,-1,-1,-1,-1,-1,-1,-1,-1,-1,-1,-1,-1,-1,-1,-1,-1,-1,-1,-1,-1,-1,-1,-1,-1,-1,120,120,120,120,-1,-1,-1,-1,-1,-1,120,120,120,120,-1,-1,-1,-1,-1,-1,-1,-1,-1,-1,-1,-1,-1,-1,-1,-1,-1,-1,-1,-1,-1,-1,-1,-1,-1,-1,-1,-1,120,120,120,120,-1,-1
-1,-1,-1,-1,130,130,130,130,-1,-1,-1,-1,-1,-1,-1,-1,-1,-1,-1,-1,-1,-1,-1,-1,-1,-1,-1,-1,-1,-1,-1,-1,-1,-1,-1,-1,130,130,130,130,-1,-1,-1,-1,130,130,130,130,-1,-1,-1,-1,-1,-1,-1,-1,-1,-1,-1,-1,-1,-1,-1,-1,-1,-1,-1,-1,-1,-1,-1,-1,-1,-1,-1,-1,130,130,130,130,-1,-1,-1,-1,-1,-1,130,130,130,130,-1,-1,-1,-1,-1,-1,-1,-1,-1,-1,-1,-1,-1,-1,-1,-1,-1,-1,-1,-1,-1,-1,-1,-1,-1,-1,-1,-1,130,130,130,130,-1,-1,-1,-1,-1,-1,130,130,130,130,-1,-1,-1,-1,-1,-1,-1,-1,-1,-1,-1,-1,-1,-1,-1,-1,-1,-1,-1,-1,-1,-1,-1,-1,-1,-1,-1,-1,130,130,130,130,-1,-1,-1,-1,-1,-1,130,130,130,130,-1,-1,-1,-1,-1,-1,-1,-1,-1,-1,-1,-1,-1,-1,-1,-1,-1,-1,-1,-1,-1,-1,-1,-1,-1,-1,-1,-1,130,130,130,130,-1,-1,-1,-1,-1,-1,130,130,130,130,-1,-1,-1,-1,-1,-1,-1,-1,-1,-1,-1,-1,-1,-1,-1,-1,-1,-1,-1,-1,-1,-1,-1,-1,-1,-1,-1,-1,130,130,130,130,-1,-1
-1,-1,-1,-1,22,23,22,23,-1,-1,-1,-1,-1,-1,-1,-1,-1,-1,-1,-1,-1,-1,-1,-1,-1,-1,-1,-1,-1,-1,-1,-1,-1,-1,-1,-1,22,23,22,23,-1,-1,-1,-1,22,23,22,23,-1,-1,-1,-1,-1,-1,-1,-1,-1,-1,-1,-1,-1,-1,-1,-1,-1,-1,-1,-1,-1,-1,-1,-1,-1,-1,-1,-1,22,23,22,23,-1,-1,-1,-1,-1,-1,22,23,22,23,-1,-1,-1,-1,-1,-1,-1,-1,-1,-1,-1,-1,-1,-1,-1,-1,-1,-1,-1,-1,-1,-1,-1,-1,-1,-1,-1,-1,22,23,22,23,-1,-1,-1,-1,-1,-1,22,23,22,23,-1,-1,-1,-1,-1,-1,-1,-1,-1,-1,-1,-1,-1,-1,-1,-1,-1,-1,-1,-1,-1,-1,-1,-1,-1,-1,-1,-1,22,23,22,23,-1,-1,-1,-1,-1,-1,22,23,22,23,-1,-1,-1,-1,-1,-1,-1,-1,-1,-1,-1,-1,-1,-1,-1,-1,-1,-1,-1,-1,-1,-1,-1,-1,-1,-1,-1,-1,22,23,22,23,-1,-1,-1,-1,-1,-1,22,23,22,23,-1,-1,-1,-1,-1,-1,-1,-1,-1,-1,-1,-1,-1,-1,-1,-1,-1,-1,-1,-1,-1,-1,-1,-1,-1,-1,-1,-1,22,23,22,23,-1,-1
-1,-1,-1,-1,32,33,32,33,-1,-1,-1,-1,-1,-1,-1,-1,-1,-1,-1,-1,-1,-1,-1,-1,-1,-1,-1,-1,-1,-1,-1,-1,-1,-1,-1,-1,32,33,32,33,-1,-1,-1,-1,32,33,32,33,-1,-1,-1,-1,-1,-1,-1,-1,-1,-1,-1,-1,-1,-1,-1,-1,-1,-1,-1,-1,-1,-1,-1,-1,-1,-1,-1,-1,32,33,32,33,-1,-1,-1,-1,-1,-1,32,33,32,33,-1,-1,-1,-1,-1,-1,-1,-1,-1,-1,-1,-1,-1,-1,-1,-1,-1,-1,-1,-1,-1,-1,-1,-1,-1,-1,-1,-1,32,33,32,33,-1,-1,-1,-1,-1,-1,32,33,32,33,-1,-1,-1,-1,-1,-1,-1,-1,-1,-1,-1,-1,-1,-1,-1,-1,-1,-1,-1,-1,-1,-1,-1,-1,-1,-1,-1,-1,32,33,32,33,-1,-1,-1,-1,-1,-1,32,33,32,33,-1,-1,-1,-1,-1,-1,-1,-1,-1,-1,-1,-1,-1,-1,-1,-1,-1,-1,-1,-1,-1,-1,-1,-1,-1,-1,-1,-1,32,33,32,33,-1,-1,-1,-1,-1,-1,32,33,32,33,-1,-1,-1,-1,-1,-1,-1,-1,-1,-1,-1,-1,-1,-1,-1,-1,-1,-1,-1,-1,-1,-1,-1,-1,-1,-1,-1,-1,32,33,32,33,-1,-1
-1,-1,-1,22,23,22,23,22,23,-1,-1,-1,-1,-1,-1,-1,-1,-1,-1,-1,-1,-1,-1,-1,-1,-1,-1,-1,-1,-1,-1,-1,-1,-1,-1,22,23,22,23,22,23,-1,-1,22,23,22,23,22,23,-1,-1,-1,-1,-1,-1,-1,-1,-1,-1,-1,-1,-1,-1,-1,-1,-1,-1,-1,-1,-1,-1,-1,-1,-1,-1,22,23,22,23,22,23,-1,-1,-1,-1,22,23,22,23,22,23,-1,-1,-1,-1,-1,-1,-1,-1,-1,-1,-1,-1,-1,-1,-1,-1,-1,-1,-1,-1,-1,-1,-1,-1,-1,-1,22,23,22,23,22,23,-1,-1,-1,-1,22,23,22,23,22,23,-1,-1,-1,-1,-1,-1,-1,-1,-1,-1,-1,-1,-1,-1,-1,-1,-1,-1,-1,-1,-1,-1,-1,-1,-1,-1,22,23,22,23,22,23,-1,-1,-1,-1,22,23,22,23,22,23,-1,-1,-1,-1,-1,-1,-1,-1,-1,-1,-1,-1,-1,-1,-1,-1,-1,-1,-1,-1,-1,-1,-1,-1,-1,-1,22,23,22,23,22,23,-1,-1,-1,-1,22,23,22,23,22,23,-1,-1,-1,-1,-1,-1,-1,-1,-1,-1,-1,-1,-1,-1,-1,-1,-1,-1,-1,-1,-1,-1,-1,-1,-1,-1,22,23,22,23,22,23,-1
-1,-1,-1,32,33,32,33,32,33,-1,-1,-1,-1,-1,-1,-1,-1,-1,-1,-1,-1,-1,-1,-1,-1,-1,-1,-1,-1,-1,-1,-1,-1,-1,-1,32,33,32,33,32,33,-1,-1,32,33,32,33,32,33,-1,-1,-1,-1,-1,-1,-1,-1,-1,-1,-1,-1,-1,-1,-1,-1,-1,-1,-1,-1,-1,-1,-1,-1,-1,-1,32,33,32,33,32,33,-1,-1,-1,-1,32,33,32,33,32,33,-1,-1,-1,-1,-1,-1,-1,-1,-1,-1,-1,-1,-1,-1,-1,-1,-1,-1,-1,-1,-1,-1,-1,-1,-1,-1,32,33,32,33,32,33,-1,-1,-1,-1,32,33,32,33,32,33,-1,-1,-1,-1,-1,-1,-1,-1,-1,-1,-1,-1,-1,-1,-1,-1,-1,-1,-1,-1,-1,-1,-1,-1,-1,-1,32,33,32,33,32,33,-1,-1,-1,-1,32,33,32,33,32,33,-1,-1,-1,-1,-1,-1,-1,-1,-1,-1,-1,-1,-1,-1,-1,-1,-1,-1,-1,-1,-1,-1,-1,-1,-1,-1,32,33,32,33,32,33,-1,-1,-1,-1,32,33,32,33,32,33,-1,-1,-1,-1,-1,-1,-1,-1,-1,-1,-1,-1,-1,-1,-1,-1,-1,-1,-1,-1,-1,-1,-1,-1,-1,-1,32,33,32,33,32,33,-1
-1,-1,22,23,22,23,22,23,22,23,-1,-1,-1,-1,-1,-1,-1,-1,-1,-1,-1,-1,-1,-1,-1,-1,-1,-1,-1,-1,-1,-1,-1,-1,22,23,22,23,22,23,22,23,22,23,22,23,22,23,22,23,-1,-1,-1,-1,-1,-1,-1,-1,-1,-1,-1,-1,-1,-1,-1,-1,-1,-1,-1,-1,-1,-1,-1,-1,22,23,22,23,22,23,22,23,-1,-1,22,23,22,23,22,23,22,23,-1,-1,-1,-1,-1,-1,-1,-1,-1,-1,-1,-1,-1,-1,-1,-1,-1,-1,-1,-1,-1,-1,-1,-1,22,23,22,23,22,23,22,23,-1,-1,22,23,22,23,22,23,22,23,-1,-1,-1,-1,-1,-1,-1,-1,-1,-1,-1,-1,-1,-1,-1,-1,-1,-1,-1,-1,-1,-1,-1,-1,22,23,22,23,22,23,22,23,-1,-1,22,23,22,23,22,23,22,23,-1,-1,-1,-1,-1,-1,-1,-1,-1,-1,-1,-1,-1,-1,-1,-1,-1,-1,-1,-1,-1,-1,-1,-1,22,23,22,23,22,23,22,23,-1,-1,22,23,22,23,22,23,22,23,-1,-1,-1,-1,-1,-1,-1,-1,-1,-1,-1,-1,-1,-1,-1,-1,-1,-1,-1,-1,-1,-1,-1,-1,22,23,22,23,22,23,22,23
-1,-1,32,33,32,33,32,33,32,33,-1,-1,-1,-1,-1,-1,-1,-1,-1,-1,-1,-1,-1,-1,-1,-1,-1,-1,-1,-1,-1,-1,-1,-1,32,33,32,33,32,33,32,33,32,33,32,33,32,33,32,33,-1,-1,-1,-1,-1,-1,-1,-1,-1,-1,-1,-1,-1,-1,-1,-1,-1,-1,-1,-1,-1,-1,-1,-1,32,33,32,33,32,33,32,33,-1,-1,32,33,32,33,32,33,32,33,-1,-1,-1,-1,-1,-1,-1,-1,-1,-1,-1,-1,-1,-1,-1,-1,-1,-1,-1,-1,-1,-1,-1,-1,32,33,32,33,32,33,32,33,-1,-1,32,33,32,33,32,33,32,33,-1,-1,-1,-1,-1,-1,-1,-1,-1,-1,-1,-1,-1,-1,-1,-1,-1,-1,-1,-1,-1,-1,-1,-1,32,33,32,33,32,33,32,33,-1,-1,32,33,32,33,32,33,32,33,-1,-1,-1,-1,-1,-1,-1,-1,-1,-1,-1,-1,-1,-1,-1,-1,-1,-1,-1,-1,-1,-1,-1,-1,32,33,32,33,32,33,32,33,-1,-1,32,33,32,33,32,33,32,33,-1,-1,-1,-1,-1,-1,-1,-1,-1,-1,-1,-1,-1,-1,-1,-1,-1,-1,-1,-1,-1,-1,-1,-1,32,33,32,33,32,33,32,33
